url,first_seen
https://jobs.lever.co/jobgether/72d3b8d2-ee3c-45a7-93a3-1405bb045bf0,2026-04-21
https://jobs.lever.co/enablecomp/c20cb00d-3ad5-4c59-b18c-7e0a62062ccf,2026-04-21
https://job-boards.greenhouse.io/lockwood/jobs/5105182007,2026-04-21
https://job-boards.greenhouse.io/unity3d/jobs/7776668,2026-04-21
https://apply.workable.com/lawnstarter/j/B9C3DA36F1,2026-04-21
https://apply.workable.com/visit/j/2B50D361D5,2026-04-21
https://recruiting.paylocity.com/recruiting/jobs/Details/4068486/Joyce-University-of-Nursing-and-Health-Sciences/Vice-President-of-Enrollment-Remote,2026-04-21
https://careers-maxor.icims.com/jobs/3907/director%2C-operational-performance/job,2026-04-21
https://uscareers-fujifilm.icims.com/jobs/36650/dir-of-us-govt-affairs-federal/job,2026-04-21
https://careers-cotiviti.icims.com/jobs/18854/vp-sales-management---payment-accuracy/job,2026-04-21
https://careers-commonspirit.icims.com/jobs/465602/director-clinic-operations/job,2026-04-21
https://onehealthineers.wd3.myworkdayjobs.com/en-US/SHSJB/job/Head-of-Marketing-Communications-and-Public-Relations--CHN_R-28055,2026-04-21
https://r1rcm.wd1.myworkdayjobs.com/r1rcm/job/remote-usa/senior-manager-of-content-strategy_r260000002382,2026-04-21
https://ensemble-performing-arts.breezy.hr/p/8c0f2a6250e0-vice-president-human-resources-remote,2026-04-21
